{
    "loss": 1.1299223899841309,
    "accuracy": 0.9424460530281067
}